Genome	Marker	Issue	Count
107165	EspV	MULTIPLE_LOCI	2
111046-001	EspV	MULTIPLE_LOCI	2
EP21-5149-M00994	EspV	MULTIPLE_LOCI	2
EP21-5149	EspV	MULTIPLE_LOCI	2
EP21-6898-M00994	EspV	MULTIPLE_LOCI	2
EP21-6898	EspV	MULTIPLE_LOCI	2
IEH-NGS-ECO-00478	EspV	MULTIPLE_LOCI	2
IEH-NGS-ECO-00480	EspV	MULTIPLE_LOCI	2
IEH-NGS-ECO-00481	EspV	MULTIPLE_LOCI	2
IEH-NGS-ECO-00485	Stx2	MULTIPLE_LOCI	2
IEH-NGS-ECO-00489	Stx2	MULTIPLE_LOCI	2
W501193	EspV	MULTIPLE_LOCI	2
W505670	EspV	MULTIPLE_LOCI	2
W507939	EspV	MULTIPLE_LOCI	2
W507941	EspV	MULTIPLE_LOCI	4
W507946	EspV	MULTIPLE_LOCI	2
W507951	EspV	MULTIPLE_LOCI	2
W507953	EspV	MULTIPLE_LOCI	6
W507954	EspV	MULTIPLE_LOCI	2
W507962	EspV	MULTIPLE_LOCI	2
W507963	EspV	MULTIPLE_LOCI	2
W507969	EspV	MULTIPLE_LOCI	20
W507971	EspV	MULTIPLE_LOCI	2
W507972	EspV	MULTIPLE_LOCI	2
W507973	EspV	MULTIPLE_LOCI	2
W507975	EspV	MULTIPLE_LOCI	6
W508153	EspV	MULTIPLE_LOCI	2
W508154	EspV	MULTIPLE_LOCI	2
W508165	EspV	MULTIPLE_LOCI	2
W508167	EspV	MULTIPLE_LOCI	2
W508268	EspV	MULTIPLE_LOCI	2
W508630	EspV	MULTIPLE_LOCI	2
W508631	EspV	MULTIPLE_LOCI	2
W508632	EspV	MULTIPLE_LOCI	2
W508633	EspV	MULTIPLE_LOCI	2
W508634	EspV	MULTIPLE_LOCI	2
W508636	EspV	MULTIPLE_LOCI	2
W508637	EspV	MULTIPLE_LOCI	2
W508692	EspV	MULTIPLE_LOCI	6
W510147	EspV	MULTIPLE_LOCI	3
W510155	EspV	MULTIPLE_LOCI	2
W510463	EspV	MULTIPLE_LOCI	2
W510899	EspV	MULTIPLE_LOCI	2
W510900	EspV	MULTIPLE_LOCI	2
W510902	EspV	MULTIPLE_LOCI	2
W510903	EspV	MULTIPLE_LOCI	2
W510904	EspV	MULTIPLE_LOCI	2
W510905	EspV	MULTIPLE_LOCI	2
W510906	EspV	MULTIPLE_LOCI	2
W510909	EspV	MULTIPLE_LOCI	2
W510911	EspV	MULTIPLE_LOCI	2
W510914	EspV	MULTIPLE_LOCI	2
W510941	EspV	MULTIPLE_LOCI	2
W510942	EspV	MULTIPLE_LOCI	2
W510943	EspV	MULTIPLE_LOCI	2
W510944	EspV	MULTIPLE_LOCI	2
W510945	EspV	MULTIPLE_LOCI	2
W510946	EspV	MULTIPLE_LOCI	2
W510947	EspV	MULTIPLE_LOCI	2
W510948	EspV	MULTIPLE_LOCI	2
W510949	EspV	MULTIPLE_LOCI	2
W510950	EspV	MULTIPLE_LOCI	2
W510951	EspV	MULTIPLE_LOCI	2
W510952	EspV	MULTIPLE_LOCI	2
W510953	EspV	MULTIPLE_LOCI	2
W510954	EspV	MULTIPLE_LOCI	2
W510955	EspV	MULTIPLE_LOCI	2
W510962	EspV	MULTIPLE_LOCI	2
W511096	EspV	MULTIPLE_LOCI	2
W511098	EspV	MULTIPLE_LOCI	2
W511210	EspV	MULTIPLE_LOCI	2
W511211	EspV	MULTIPLE_LOCI	2
W511259	EspV	MULTIPLE_LOCI	2
W511260	EspV	MULTIPLE_LOCI	2
W511261	EspV	MULTIPLE_LOCI	2
W511333	EspV	MULTIPLE_LOCI	2
W511437	EspV	MULTIPLE_LOCI	6
W511476	EspV	MULTIPLE_LOCI	2
W511656	EspV	MULTIPLE_LOCI	2
W511657	EspV	MULTIPLE_LOCI	2
W511658	EspV	MULTIPLE_LOCI	2
W511746	EspV	MULTIPLE_LOCI	2
W511747	EspV	MULTIPLE_LOCI	2
W511749	EspV	MULTIPLE_LOCI	2
W511778	EspV	MULTIPLE_LOCI	2
W511779	EspV	MULTIPLE_LOCI	2
W511780	EspV	MULTIPLE_LOCI	2
W511781	EspV	MULTIPLE_LOCI	3
W511782	EspV	MULTIPLE_LOCI	2
W511796	Stx2	MULTIPLE_LOCI	4
W511813	EspV	MULTIPLE_LOCI	2
W511814	EspV	MULTIPLE_LOCI	2
W511900	EspV	MULTIPLE_LOCI	2
W511917	EspV	MULTIPLE_LOCI	12
W511919	EspV	MULTIPLE_LOCI	2
W512119	EspV	MULTIPLE_LOCI	6
W512120	EspV	MULTIPLE_LOCI	2
W512121	EspV	MULTIPLE_LOCI	2
W512122	EspV	MULTIPLE_LOCI	2
W512124	EspV	MULTIPLE_LOCI	2
W512125	EspV	MULTIPLE_LOCI	2
W512127	EspV	MULTIPLE_LOCI	2
W512146	EspV	MULTIPLE_LOCI	4
W512148	Stx2	MULTIPLE_LOCI	4
W512149	EspV	MULTIPLE_LOCI	2
W512150	EspV	MULTIPLE_LOCI	2
W512321	EspV	MULTIPLE_LOCI	2
W512322	EspV	MULTIPLE_LOCI	2
W512323	EspV	MULTIPLE_LOCI	2
W512324	EspV	MULTIPLE_LOCI	2
W512326	EspV	MULTIPLE_LOCI	2
W512549	EspV	MULTIPLE_LOCI	2
W512599	EspV	MULTIPLE_LOCI	2
W512654	EspV	MULTIPLE_LOCI	2
W512656	EspV	MULTIPLE_LOCI	2
W512657	EspV	MULTIPLE_LOCI	2
W512658	EspV	MULTIPLE_LOCI	2
W512678	EspV	MULTIPLE_LOCI	2
W512679	EspV	MULTIPLE_LOCI	2
W512680	EspV	MULTIPLE_LOCI	2
W512681	EspV	MULTIPLE_LOCI	2
W512698	EspV	MULTIPLE_LOCI	2
W512699	EspV	MULTIPLE_LOCI	2
W512700	EspV	MULTIPLE_LOCI	2
W512701	EspV	MULTIPLE_LOCI	6
W512702	EspV	MULTIPLE_LOCI	2
W512703	EspV	MULTIPLE_LOCI	2
W512704	EspV	MULTIPLE_LOCI	2
W512705	EspV	MULTIPLE_LOCI	2
W512706	EspV	MULTIPLE_LOCI	2
W512707	EspV	MULTIPLE_LOCI	2
W512789	EspV	MULTIPLE_LOCI	2
W512790	EspV	MULTIPLE_LOCI	2
W512791	EspV	MULTIPLE_LOCI	2
W512792	EspV	MULTIPLE_LOCI	2
W512793	EspV	MULTIPLE_LOCI	2
W513928	EspV	MULTIPLE_LOCI	2
W513959	EspV	MULTIPLE_LOCI	2
W513960	EspV	MULTIPLE_LOCI	2
W513984	EspV	MULTIPLE_LOCI	2
W513985	EspV	MULTIPLE_LOCI	2
W513986	EspV	MULTIPLE_LOCI	2
W513987	EspV	MULTIPLE_LOCI	2
W513988	EspV	MULTIPLE_LOCI	2
W513989	EspV	MULTIPLE_LOCI	2
W513990	EspV	MULTIPLE_LOCI	2
W514099	EspV	MULTIPLE_LOCI	4
W514100	EspV	MULTIPLE_LOCI	6
W514101	EspV	MULTIPLE_LOCI	2
W514372	EspV	MULTIPLE_LOCI	2
W514373	EspV	MULTIPLE_LOCI	2
W514383	EspV	MULTIPLE_LOCI	6
W514384	EspV	MULTIPLE_LOCI	2
W514485	EspV	MULTIPLE_LOCI	2
W514486	EspV	MULTIPLE_LOCI	2
W514562	EspV	MULTIPLE_LOCI	2
W514563	EspV	MULTIPLE_LOCI	2
W514564	EspV	MULTIPLE_LOCI	2
W514565	EspV	MULTIPLE_LOCI	2
W514566	EspV	MULTIPLE_LOCI	2
W514567	EspV	MULTIPLE_LOCI	2
W514568	EspV	MULTIPLE_LOCI	2
W514569	EspV	MULTIPLE_LOCI	2
W514571	EspV	MULTIPLE_LOCI	2
W514572	EspK	MULTIPLE_LOCI	2
W514572	EspV	MULTIPLE_LOCI	2
W514573	EspV	MULTIPLE_LOCI	2
W514574	EspV	MULTIPLE_LOCI	2
W514575	EspV	MULTIPLE_LOCI	2
W514576	EspV	MULTIPLE_LOCI	2
W514577	EspV	MULTIPLE_LOCI	6
W514598	EspV	MULTIPLE_LOCI	2
W514599	EspV	MULTIPLE_LOCI	2
W514600	EspV	MULTIPLE_LOCI	2
W514601	EspV	MULTIPLE_LOCI	2
W514653	EspV	MULTIPLE_LOCI	2
W514689	EspV	MULTIPLE_LOCI	6
W514690	EspV	MULTIPLE_LOCI	2
W514691	EspV	MULTIPLE_LOCI	2
W514692	EspV	MULTIPLE_LOCI	2
W514693	EspV	MULTIPLE_LOCI	2
W514694	EspV	MULTIPLE_LOCI	2
W514710	EspV	MULTIPLE_LOCI	2
W514727	EspV	MULTIPLE_LOCI	2
W514854	EspV	MULTIPLE_LOCI	2
W514855	EspV	MULTIPLE_LOCI	2
W514856	EspV	MULTIPLE_LOCI	2
W514857	EspV	MULTIPLE_LOCI	2
W514858	EspV	MULTIPLE_LOCI	2
W514859	EspV	MULTIPLE_LOCI	2
W514860	EspV	MULTIPLE_LOCI	2
W514861	EspV	MULTIPLE_LOCI	2
W514862	EspV	MULTIPLE_LOCI	2
W514863	EspV	MULTIPLE_LOCI	2
W514864	EspV	MULTIPLE_LOCI	2
W514865	EspV	MULTIPLE_LOCI	2
W514866	EspV	MULTIPLE_LOCI	2
W514867	EspV	MULTIPLE_LOCI	2
W514868	EspV	MULTIPLE_LOCI	2
W514869	EspV	MULTIPLE_LOCI	2
W514870	EspV	MULTIPLE_LOCI	2
W514890	EspV	MULTIPLE_LOCI	2
W514891	EspV	MULTIPLE_LOCI	2
W514892	EspV	MULTIPLE_LOCI	2
W514893	EspV	MULTIPLE_LOCI	2
W514928	EspV	MULTIPLE_LOCI	2
W514952	EspV	MULTIPLE_LOCI	2
W514953	EspV	MULTIPLE_LOCI	2
W514954	EspV	MULTIPLE_LOCI	2
W514955	EspV	MULTIPLE_LOCI	2
W514956	EspV	MULTIPLE_LOCI	3
W514957	EspV	MULTIPLE_LOCI	2
W514958	EspV	MULTIPLE_LOCI	2
W514959	EspV	MULTIPLE_LOCI	2
W514960	EspV	MULTIPLE_LOCI	2
W514972	EspV	MULTIPLE_LOCI	2
W514973	EspV	MULTIPLE_LOCI	2
W514974	EspV	MULTIPLE_LOCI	2
W514975	EspV	MULTIPLE_LOCI	2
W514976	EspV	MULTIPLE_LOCI	2
W514977	EspV	MULTIPLE_LOCI	2
W514978	EspV	MULTIPLE_LOCI	2
W514979	EspV	MULTIPLE_LOCI	2
W514980	EspV	MULTIPLE_LOCI	2
W514981	EspV	MULTIPLE_LOCI	2
W514982	EspV	MULTIPLE_LOCI	2
W514983	EspV	MULTIPLE_LOCI	2
W515053	EspV	MULTIPLE_LOCI	2
W515054	EspV	MULTIPLE_LOCI	2
W515055	EspV	MULTIPLE_LOCI	2
W515056	EspV	MULTIPLE_LOCI	2
W515057	EspV	MULTIPLE_LOCI	2
W515221	EspV	MULTIPLE_LOCI	2
W515222	EspV	MULTIPLE_LOCI	2
W515223	EspV	MULTIPLE_LOCI	2
W515227	EspV	MULTIPLE_LOCI	2
W515607	EspK	MULTIPLE_LOCI	2
W515674	EspV	MULTIPLE_LOCI	2
W515675	EspV	MULTIPLE_LOCI	2
W515676	EspV	MULTIPLE_LOCI	2
W515847	EspV	MULTIPLE_LOCI	2
W515848	EspV	MULTIPLE_LOCI	2
W515849	EspV	MULTIPLE_LOCI	2
W515850	EspV	MULTIPLE_LOCI	2
W515851	EspV	MULTIPLE_LOCI	2
W515852	EspV	MULTIPLE_LOCI	2
W515853	EspV	MULTIPLE_LOCI	2
W515854	EspV	MULTIPLE_LOCI	2
W515855	EspV	MULTIPLE_LOCI	2
W515880	EspV	MULTIPLE_LOCI	2
W515881	EspV	MULTIPLE_LOCI	2
W515945	EspV	MULTIPLE_LOCI	2
W515946	EspV	MULTIPLE_LOCI	2
W515957	EspV	MULTIPLE_LOCI	2
W515958	EspV	MULTIPLE_LOCI	2
W515972	EspV	MULTIPLE_LOCI	2
W516028	EspV	MULTIPLE_LOCI	2
W516029	EspV	MULTIPLE_LOCI	2
W516031	EspV	MULTIPLE_LOCI	2
W516365	EspV	MULTIPLE_LOCI	2
W516777	EspV	MULTIPLE_LOCI	2
W516993	EspV	MULTIPLE_LOCI	10
W517003	EspV	MULTIPLE_LOCI	2
W517161	EspV	MULTIPLE_LOCI	4
W517284	EspV	MULTIPLE_LOCI	2
W517394	EspV	MULTIPLE_LOCI	2
W517402	Stx2	MULTIPLE_LOCI	2
W517403	Stx2	MULTIPLE_LOCI	2
W517515	EspV	MULTIPLE_LOCI	2
W517517	EspV	MULTIPLE_LOCI	2
W517526	EspV	MULTIPLE_LOCI	2
W517625	EspV	MULTIPLE_LOCI	2
W517646	Stx2	MULTIPLE_LOCI	5
W517647	Stx2	MULTIPLE_LOCI	2
W517848	Stx2	MULTIPLE_LOCI	3
W517851	Stx2	MULTIPLE_LOCI	4
W517854	Stx2	MULTIPLE_LOCI	4
W517960	EspV	MULTIPLE_LOCI	2
W517961	EspV	MULTIPLE_LOCI	2
W517962	EspV	MULTIPLE_LOCI	2
W517963	EspV	MULTIPLE_LOCI	2
W517964	EspV	MULTIPLE_LOCI	2
W517965	EspV	MULTIPLE_LOCI	2
W517966	EspV	MULTIPLE_LOCI	2
W517969	EspV	MULTIPLE_LOCI	2
W517970	EspV	MULTIPLE_LOCI	2
W517971	EspV	MULTIPLE_LOCI	2
W517972	EspV	MULTIPLE_LOCI	4
W517973	EspV	MULTIPLE_LOCI	2
W518046	EspV	MULTIPLE_LOCI	2
W518195	Stx2	MULTIPLE_LOCI	2
W518195	EspV	MULTIPLE_LOCI	2
W518196	EspV	MULTIPLE_LOCI	2
W518205	EspK	MULTIPLE_LOCI	2
W518362	Stx2	MULTIPLE_LOCI	3
W518412	EspV	MULTIPLE_LOCI	2
W518413	EspV	MULTIPLE_LOCI	2
W518414	EspV	MULTIPLE_LOCI	2
W518478	EspV	MULTIPLE_LOCI	2
W518479	EspV	MULTIPLE_LOCI	2
W518480	EspV	MULTIPLE_LOCI	2
W518484	EspV	MULTIPLE_LOCI	2
W518485	EspV	MULTIPLE_LOCI	2
W518486	EspV	MULTIPLE_LOCI	2
W518487	EspV	MULTIPLE_LOCI	2
W518827	Stx2	MULTIPLE_LOCI	5
W518831	EspV	MULTIPLE_LOCI	2
W518832	EspV	MULTIPLE_LOCI	2
W518833	EspV	MULTIPLE_LOCI	2
W518837	EspV	MULTIPLE_LOCI	4
W519029	EspV	MULTIPLE_LOCI	2
W519030	EspV	MULTIPLE_LOCI	2
W519031	EspV	MULTIPLE_LOCI	2
W519034	EspK	MULTIPLE_LOCI	2
W519034	EspV	MULTIPLE_LOCI	2
W519060	Stx1	MULTIPLE_LOCI	3
W519060	EspV	MULTIPLE_LOCI	2
W519428	EspV	MULTIPLE_LOCI	2
W519543	EspV	MULTIPLE_LOCI	2
W519565	EspV	MULTIPLE_LOCI	2
W519928	EspV	MULTIPLE_LOCI	6
W520015	EspV	MULTIPLE_LOCI	2
W520094	EspV	MULTIPLE_LOCI	2
W520353	EspV	MULTIPLE_LOCI	2
W520439	Stx2	MULTIPLE_LOCI	4
W520440	EspV	MULTIPLE_LOCI	2
W520441	EspV	MULTIPLE_LOCI	2
W520442	EspV	MULTIPLE_LOCI	2
W520443	EspV	MULTIPLE_LOCI	2
W520444	EspV	MULTIPLE_LOCI	2
W520445	EspV	MULTIPLE_LOCI	2
W520689	EspV	MULTIPLE_LOCI	2
W520814	EspV	MULTIPLE_LOCI	2
W520815	EspV	MULTIPLE_LOCI	2
W520816	EspV	MULTIPLE_LOCI	2
W520817	EspV	MULTIPLE_LOCI	2
W520818	EspV	MULTIPLE_LOCI	2
W520821	EspV	MULTIPLE_LOCI	2
W520823	EspV	MULTIPLE_LOCI	6
W520824	EspV	MULTIPLE_LOCI	4
W521303	EspV	MULTIPLE_LOCI	2
W521312	EspV	MULTIPLE_LOCI	2
W523476	EspV	MULTIPLE_LOCI	2
W523477	EspV	MULTIPLE_LOCI	2
W523478	EspV	MULTIPLE_LOCI	6
W523479	EspV	MULTIPLE_LOCI	2
W523507	EspV	MULTIPLE_LOCI	6
W523508	EspV	MULTIPLE_LOCI	2
W523509	EspV	MULTIPLE_LOCI	6
W523624	EspV	MULTIPLE_LOCI	2
W523716	EspV	MULTIPLE_LOCI	2
W523717	EspV	MULTIPLE_LOCI	2
W523718	EspV	MULTIPLE_LOCI	2
W523721	EspV	MULTIPLE_LOCI	2
W523722	EspV	MULTIPLE_LOCI	2
W523723	EspV	MULTIPLE_LOCI	2
W523724	EspV	MULTIPLE_LOCI	2
W523725	EspV	MULTIPLE_LOCI	2
W523726	EspV	MULTIPLE_LOCI	2
W523727	EspV	MULTIPLE_LOCI	6
W523728	EspV	MULTIPLE_LOCI	2
W5237291T	EspV	MULTIPLE_LOCI	6
W5237292T	EspV	MULTIPLE_LOCI	2
W523729	EspV	MULTIPLE_LOCI	2
W5237321T	EspV	MULTIPLE_LOCI	2
W5237322T	EspV	MULTIPLE_LOCI	2
W523732	EspV	MULTIPLE_LOCI	2
W523733	EspV	MULTIPLE_LOCI	2
W523734	EspV	MULTIPLE_LOCI	2
W523735	EspV	MULTIPLE_LOCI	2
W523736	EspV	MULTIPLE_LOCI	2
W523737	EspV	MULTIPLE_LOCI	2
W523738	EspV	MULTIPLE_LOCI	2
W523739	EspV	MULTIPLE_LOCI	2
W523774	EspV	MULTIPLE_LOCI	2
W523775	EspV	MULTIPLE_LOCI	2
W523776	EspV	MULTIPLE_LOCI	6
W523778	EspK	MULTIPLE_LOCI	2
W523778	EspV	MULTIPLE_LOCI	10
W523779	EspV	MULTIPLE_LOCI	2
W523780	EspV	MULTIPLE_LOCI	2
W523781	EspV	MULTIPLE_LOCI	2
W523782	EspV	MULTIPLE_LOCI	2
W523783	EspV	MULTIPLE_LOCI	2
W523784	EspV	MULTIPLE_LOCI	2
W523812	EspV	MULTIPLE_LOCI	2
W523813	EspV	MULTIPLE_LOCI	6
W523858	EspV	MULTIPLE_LOCI	2
W523859	EspV	MULTIPLE_LOCI	2
W523860	EspV	MULTIPLE_LOCI	2
W523863	EspV	MULTIPLE_LOCI	2
W523864	EspV	MULTIPLE_LOCI	2
W523868	EspV	MULTIPLE_LOCI	2
W523892	EspV	MULTIPLE_LOCI	2
W523893	EspV	MULTIPLE_LOCI	2
W523894	EspV	MULTIPLE_LOCI	2
W523895	EspV	MULTIPLE_LOCI	6
W523898	EspV	MULTIPLE_LOCI	2
W523901	EspV	MULTIPLE_LOCI	6
W523902	EspV	MULTIPLE_LOCI	2
W523903	EspV	MULTIPLE_LOCI	2
W523904	EspV	MULTIPLE_LOCI	6
W523905	EspV	MULTIPLE_LOCI	2
W523906	EspV	MULTIPLE_LOCI	2
W523907	EspV	MULTIPLE_LOCI	6
W523908	EspV	MULTIPLE_LOCI	2
W523909	EspV	MULTIPLE_LOCI	2
W523910	EspV	MULTIPLE_LOCI	2
W523911	EspV	MULTIPLE_LOCI	2
W523912	EspV	MULTIPLE_LOCI	2
W523913	EspV	MULTIPLE_LOCI	2
W523914	EspV	MULTIPLE_LOCI	2
W523915	EspV	MULTIPLE_LOCI	6
W523916	EspV	MULTIPLE_LOCI	2
W523917	EspV	MULTIPLE_LOCI	2
W523921	EspV	MULTIPLE_LOCI	2
W523922	EspV	MULTIPLE_LOCI	2
W523923	EspV	MULTIPLE_LOCI	6
W523924	EspV	MULTIPLE_LOCI	2
W523925	EspV	MULTIPLE_LOCI	6
W523926	EspV	MULTIPLE_LOCI	8
W523927	EspV	MULTIPLE_LOCI	2
W523928	EspV	MULTIPLE_LOCI	2
W523929	EspV	MULTIPLE_LOCI	2
W523930	EspV	MULTIPLE_LOCI	4
W523931	EspV	MULTIPLE_LOCI	2
W523932	EspV	MULTIPLE_LOCI	6
W523933	EspV	MULTIPLE_LOCI	2
W523934	EspV	MULTIPLE_LOCI	2
W523935	EspV	MULTIPLE_LOCI	2
W523936	EspV	MULTIPLE_LOCI	2
W523937	EspV	MULTIPLE_LOCI	2
W523939	EspV	MULTIPLE_LOCI	8
W523940	EspV	MULTIPLE_LOCI	8
W523942	EspV	MULTIPLE_LOCI	12
W523943	EspV	MULTIPLE_LOCI	2
W523944	EspV	MULTIPLE_LOCI	2
W523945	EspV	MULTIPLE_LOCI	2
W523946	EspV	MULTIPLE_LOCI	2
W523947	EspV	MULTIPLE_LOCI	2
W523948	EspV	MULTIPLE_LOCI	2
W523949	EspV	MULTIPLE_LOCI	2
W523950	EspV	MULTIPLE_LOCI	2
W523951	EspV	MULTIPLE_LOCI	2
W523952	EspV	MULTIPLE_LOCI	2
W523953	EspV	MULTIPLE_LOCI	2
W523954	EspV	MULTIPLE_LOCI	6
W523955	EspV	MULTIPLE_LOCI	6
W523956	EspV	MULTIPLE_LOCI	6
W523957	EspV	MULTIPLE_LOCI	2
W523958	EspV	MULTIPLE_LOCI	2
W523959	EspV	MULTIPLE_LOCI	2
W523960	EspV	MULTIPLE_LOCI	2
W523961	EspV	MULTIPLE_LOCI	2
W523962	EspV	MULTIPLE_LOCI	2
W523963	EspV	MULTIPLE_LOCI	2
W523964	EspV	MULTIPLE_LOCI	2
W523965	EspV	MULTIPLE_LOCI	2
W524053	EspV	MULTIPLE_LOCI	2
W524054	EspV	MULTIPLE_LOCI	10
W524135	EspV	MULTIPLE_LOCI	6
W524167	EspV	MULTIPLE_LOCI	12
W524168	EspV	MULTIPLE_LOCI	2
W524187	EspV	MULTIPLE_LOCI	2
W524188	EspV	MULTIPLE_LOCI	2
W524189	EspV	MULTIPLE_LOCI	2
W524190	EspV	MULTIPLE_LOCI	6
W524191	EspV	MULTIPLE_LOCI	2
W524192	EspV	MULTIPLE_LOCI	2
W524225	EspV	MULTIPLE_LOCI	2
W524226	EspV	MULTIPLE_LOCI	2
W524227	EspV	MULTIPLE_LOCI	2
W524228	EspV	MULTIPLE_LOCI	2
W524229	EspV	MULTIPLE_LOCI	2
W524230	EspV	MULTIPLE_LOCI	2
W524231	EspV	MULTIPLE_LOCI	2
W524232	EspV	MULTIPLE_LOCI	2
W524233	EspV	MULTIPLE_LOCI	2
W524234	EspV	MULTIPLE_LOCI	2
W524235	EspV	MULTIPLE_LOCI	2
W524236	EspV	MULTIPLE_LOCI	2
W524237	EspV	MULTIPLE_LOCI	2
W524238	EspV	MULTIPLE_LOCI	2
W524239	EspV	MULTIPLE_LOCI	2
W524240	EspV	MULTIPLE_LOCI	2
W524241	EspV	MULTIPLE_LOCI	2
W524242	EspV	MULTIPLE_LOCI	2
W524243	EspV	MULTIPLE_LOCI	2
W524244	EspV	MULTIPLE_LOCI	2
W524245	EspV	MULTIPLE_LOCI	2
W524246	EspV	MULTIPLE_LOCI	2
W524247	EspV	MULTIPLE_LOCI	2
W524248	EspV	MULTIPLE_LOCI	2
W524249	EspV	MULTIPLE_LOCI	2
W524250	EspV	MULTIPLE_LOCI	2
W524251	EspV	MULTIPLE_LOCI	2
W524252	EspV	MULTIPLE_LOCI	2
W524253	EspV	MULTIPLE_LOCI	2
W524254	EspV	MULTIPLE_LOCI	2
W524255	EspV	MULTIPLE_LOCI	2
W524256	EspV	MULTIPLE_LOCI	2
W524257	EspV	MULTIPLE_LOCI	2
W524258	EspV	MULTIPLE_LOCI	2
W524259	EspV	MULTIPLE_LOCI	2
W524260	EspV	MULTIPLE_LOCI	2
W524261	EspV	MULTIPLE_LOCI	2
W524262	EspV	MULTIPLE_LOCI	2
W524263	EspV	MULTIPLE_LOCI	2
W524264	EspV	MULTIPLE_LOCI	2
W524265	EspV	MULTIPLE_LOCI	2
W524266	EspV	MULTIPLE_LOCI	2
W524267	EspV	MULTIPLE_LOCI	2
W524268	EspV	MULTIPLE_LOCI	2
W524269	EspV	MULTIPLE_LOCI	2
W524270	EspV	MULTIPLE_LOCI	2
W524271	EspV	MULTIPLE_LOCI	2
W524272	EspV	MULTIPLE_LOCI	2
W524273	EspV	MULTIPLE_LOCI	2
W524274	EspV	MULTIPLE_LOCI	2
W524275	EspV	MULTIPLE_LOCI	2
W524276	EspV	MULTIPLE_LOCI	2
W524277	EspV	MULTIPLE_LOCI	2
W524278	EspV	MULTIPLE_LOCI	2
W524279	EspV	MULTIPLE_LOCI	2
W524280	EspV	MULTIPLE_LOCI	2
W524281	EspV	MULTIPLE_LOCI	2
W524282	EspV	MULTIPLE_LOCI	2
W524283	EspV	MULTIPLE_LOCI	2
W524284	EspK	MULTIPLE_LOCI	2
W524285	EspV	MULTIPLE_LOCI	2
W524286	EspV	MULTIPLE_LOCI	2
W524287	EspV	MULTIPLE_LOCI	2
W524288	EspV	MULTIPLE_LOCI	2
W524289	EspV	MULTIPLE_LOCI	2
W524290	EspV	MULTIPLE_LOCI	2
W524291	EspV	MULTIPLE_LOCI	2
W524292	EspV	MULTIPLE_LOCI	8
W524293	EspV	MULTIPLE_LOCI	2
W524294	EspV	MULTIPLE_LOCI	2
W524295	EspV	MULTIPLE_LOCI	2
W524296	EspV	MULTIPLE_LOCI	2
W524297	EspV	MULTIPLE_LOCI	2
W524298	EspV	MULTIPLE_LOCI	2
W524299	EspV	MULTIPLE_LOCI	2
W524329	EspV	MULTIPLE_LOCI	2
W524350	EspV	MULTIPLE_LOCI	2
W524401	EspV	MULTIPLE_LOCI	20
W524419	EspV	MULTIPLE_LOCI	2
W524420	EspV	MULTIPLE_LOCI	2
W524715	EspV	MULTIPLE_LOCI	2
W524716	EspV	MULTIPLE_LOCI	2
W524717	EspV	MULTIPLE_LOCI	2
W524718	EspV	MULTIPLE_LOCI	2
W524719	EspV	MULTIPLE_LOCI	2
W524720	EspV	MULTIPLE_LOCI	2
W524721	EspV	MULTIPLE_LOCI	2
W524722	EspV	MULTIPLE_LOCI	2
W524723	EspV	MULTIPLE_LOCI	2
W524724	EspV	MULTIPLE_LOCI	2
W524725	EspV	MULTIPLE_LOCI	6
W524730	EspV	MULTIPLE_LOCI	2
W524819	EspV	MULTIPLE_LOCI	6
W524820	EspV	MULTIPLE_LOCI	6
W524822	EspV	MULTIPLE_LOCI	7
W524823	EspV	MULTIPLE_LOCI	12
W524824	EspV	MULTIPLE_LOCI	6
W524957	EspV	MULTIPLE_LOCI	2
W525117	EspV	MULTIPLE_LOCI	2
W525118	EspK	MULTIPLE_LOCI	2
W525118	EspV	MULTIPLE_LOCI	2
W525119	EspK	MULTIPLE_LOCI	2
W525119	EspV	MULTIPLE_LOCI	2
W525121	EspV	MULTIPLE_LOCI	4
W525123	EspV	MULTIPLE_LOCI	2
W525124	EspV	MULTIPLE_LOCI	2
W525125	EspK	MULTIPLE_LOCI	2
W525125	EspV	MULTIPLE_LOCI	2
W525126	EspV	MULTIPLE_LOCI	2
W525127	EspV	MULTIPLE_LOCI	4
W525141	EspV	MULTIPLE_LOCI	2
W525203A	EspV	MULTIPLE_LOCI	6
W525203	EspV	MULTIPLE_LOCI	4
W525204A	EspV	MULTIPLE_LOCI	2
W525204	EspV	MULTIPLE_LOCI	2
W525205A	EspV	MULTIPLE_LOCI	4
W525205	EspV	MULTIPLE_LOCI	10
W525206A	EspV	MULTIPLE_LOCI	8
W525206	EspV	MULTIPLE_LOCI	4
W525207A	EspV	MULTIPLE_LOCI	2
W525207	EspV	MULTIPLE_LOCI	2
W525218	EspV	MULTIPLE_LOCI	2
W525229	EspV	MULTIPLE_LOCI	2
W525247	EspV	MULTIPLE_LOCI	2
W525330	EspV	MULTIPLE_LOCI	6
W525334	EspV	MULTIPLE_LOCI	2
W525389	EspV	MULTIPLE_LOCI	2
W525431	EspV	MULTIPLE_LOCI	2
W525624	EspV	MULTIPLE_LOCI	2
W525625	EspV	MULTIPLE_LOCI	2
W525626	EspV	MULTIPLE_LOCI	2
W525627	EspV	MULTIPLE_LOCI	2
W525628	EspV	MULTIPLE_LOCI	2
W525629	EspV	MULTIPLE_LOCI	2
W525630	EspV	MULTIPLE_LOCI	2
W525631	EspV	MULTIPLE_LOCI	2
W525632	EspV	MULTIPLE_LOCI	2
W525633	EspV	MULTIPLE_LOCI	2
W525634	EspV	MULTIPLE_LOCI	2
W525635	EspV	MULTIPLE_LOCI	2
W525636	EspV	MULTIPLE_LOCI	8
W525637	EspV	MULTIPLE_LOCI	2
W525638	EspV	MULTIPLE_LOCI	2
W525639	EspV	MULTIPLE_LOCI	2
W525640	EspV	MULTIPLE_LOCI	2
W525641	EspV	MULTIPLE_LOCI	2
W525835	EspV	MULTIPLE_LOCI	3
W525836	EspV	MULTIPLE_LOCI	4
W525837	EspV	MULTIPLE_LOCI	4
W525852	Stx2	MULTIPLE_LOCI	3
W525962	EspV	MULTIPLE_LOCI	2
W525963	EspV	MULTIPLE_LOCI	2
W526265	EspV	MULTIPLE_LOCI	2
W526266	EspV	MULTIPLE_LOCI	2
W526267	EspV	MULTIPLE_LOCI	2
W526268	EspV	MULTIPLE_LOCI	2
W526269	EspV	MULTIPLE_LOCI	2
W526270	EspV	MULTIPLE_LOCI	2
W526272	EspV	MULTIPLE_LOCI	2
W526273	EspV	MULTIPLE_LOCI	2
W526274	EspV	MULTIPLE_LOCI	8
W526275	EspV	MULTIPLE_LOCI	2
W526276	EspV	MULTIPLE_LOCI	2
W526277	EspV	MULTIPLE_LOCI	6
W526278	EspV	MULTIPLE_LOCI	2
W527656	EspK	MULTIPLE_LOCI	2
W528266	EspV	MULTIPLE_LOCI	2
W528933	EspV	MULTIPLE_LOCI	2
W528934	EspV	MULTIPLE_LOCI	2
W528935	EspV	MULTIPLE_LOCI	2
W528936	EspV	MULTIPLE_LOCI	2
W528937	EspV	MULTIPLE_LOCI	10
W528938	EspV	MULTIPLE_LOCI	2
W528939	Stx2	MULTIPLE_LOCI	2
W528940	EspV	MULTIPLE_LOCI	2
W528941	EspV	MULTIPLE_LOCI	2
W528942	EspV	MULTIPLE_LOCI	2
W528943	EspV	MULTIPLE_LOCI	6
W528954	EspV	MULTIPLE_LOCI	2
W528955	EspV	MULTIPLE_LOCI	2
W528956	EspV	MULTIPLE_LOCI	2
W528957	EspV	MULTIPLE_LOCI	2
W528958	EspV	MULTIPLE_LOCI	2
W528959	EspV	MULTIPLE_LOCI	2
W528960	EspV	MULTIPLE_LOCI	2
W528961	EspV	MULTIPLE_LOCI	2
W528962	EspV	MULTIPLE_LOCI	2
W528970	EspV	MULTIPLE_LOCI	2
W529225	EspV	MULTIPLE_LOCI	6
W529226	EspV	MULTIPLE_LOCI	2
W529256	EspV	MULTIPLE_LOCI	2
W529257	EspV	MULTIPLE_LOCI	6
W529258	EspV	MULTIPLE_LOCI	2
W529259	EspV	MULTIPLE_LOCI	4
W529260	EspV	MULTIPLE_LOCI	6
W529261	EspV	MULTIPLE_LOCI	2
W529262	EspV	MULTIPLE_LOCI	2
W529263	EspV	MULTIPLE_LOCI	12
W529264	EspV	MULTIPLE_LOCI	2
W529265	EspV	MULTIPLE_LOCI	8
W529266	EspV	MULTIPLE_LOCI	4
W529269	EspV	MULTIPLE_LOCI	2
W529270	EspV	MULTIPLE_LOCI	2
W529271	EspV	MULTIPLE_LOCI	2
W529272	EspV	MULTIPLE_LOCI	2
W529273	EspV	MULTIPLE_LOCI	2
W529274	EspV	MULTIPLE_LOCI	2
W529275	EspV	MULTIPLE_LOCI	2
W529276	EspV	MULTIPLE_LOCI	2
W529277	EspV	MULTIPLE_LOCI	2
W529278	EspV	MULTIPLE_LOCI	2
W529279	EspV	MULTIPLE_LOCI	2
W529280	EspV	MULTIPLE_LOCI	2
W529281	EspV	MULTIPLE_LOCI	2
W529282	EspV	MULTIPLE_LOCI	2
W529283	EspV	MULTIPLE_LOCI	2
W529284	EspV	MULTIPLE_LOCI	2
W529285	EspV	MULTIPLE_LOCI	2
W529286	EspV	MULTIPLE_LOCI	2
W529287	EspV	MULTIPLE_LOCI	2
W529288	EspV	MULTIPLE_LOCI	2
W529310	EspV	MULTIPLE_LOCI	6
W529330	EspV	MULTIPLE_LOCI	2
W529331	EspV	MULTIPLE_LOCI	6
W529332	EspV	MULTIPLE_LOCI	2
W529333	EspV	MULTIPLE_LOCI	2
W529370	EspV	MULTIPLE_LOCI	6
W529420	EspV	MULTIPLE_LOCI	2
W529421	EspV	MULTIPLE_LOCI	2
W529422	EspV	MULTIPLE_LOCI	6
W529423	EspV	MULTIPLE_LOCI	2
W529424	EspV	MULTIPLE_LOCI	2
W529444	EspV	MULTIPLE_LOCI	6
W529460	EspV	MULTIPLE_LOCI	2
W529461	EspV	MULTIPLE_LOCI	2
W529462	EspV	MULTIPLE_LOCI	2
W529463	EspV	MULTIPLE_LOCI	2
W529464	EspV	MULTIPLE_LOCI	2
W529465	Stx2	MULTIPLE_LOCI	2
W529465	EspV	MULTIPLE_LOCI	2
W529466	Stx2	MULTIPLE_LOCI	2
W529466	EspV	MULTIPLE_LOCI	2
W529475	EspV	MULTIPLE_LOCI	2
W529476	EspV	MULTIPLE_LOCI	6
W529499	EspV	MULTIPLE_LOCI	2
W529520	EspV	MULTIPLE_LOCI	2
W529525	EspV	MULTIPLE_LOCI	2
W529553	EspV	MULTIPLE_LOCI	2
W529636	EspV	MULTIPLE_LOCI	2
W529637	EspV	MULTIPLE_LOCI	2
W529638	EspV	MULTIPLE_LOCI	2
W529764	EspV	MULTIPLE_LOCI	6
W529767	Stx2	MULTIPLE_LOCI	2
W529767	EspV	MULTIPLE_LOCI	2
W529768	Stx2	MULTIPLE_LOCI	2
W529768	EspV	MULTIPLE_LOCI	2
W529769	Stx2	MULTIPLE_LOCI	2
W529769	EspV	MULTIPLE_LOCI	2
W529770	EspV	MULTIPLE_LOCI	2
W529771	EspV	MULTIPLE_LOCI	2
W529772	Stx2	MULTIPLE_LOCI	2
W529772	EspV	MULTIPLE_LOCI	2
W529773	Stx2	MULTIPLE_LOCI	3
W529773	EspV	MULTIPLE_LOCI	2
W529774	EspV	MULTIPLE_LOCI	2
W529775	EspV	MULTIPLE_LOCI	2
W529776	EspV	MULTIPLE_LOCI	2
W529777	Stx2	MULTIPLE_LOCI	2
W529777	EspV	MULTIPLE_LOCI	2
W529778	EspV	MULTIPLE_LOCI	2
W529779	Stx2	MULTIPLE_LOCI	3
W529779	EspV	MULTIPLE_LOCI	2
W529780	Stx2	MULTIPLE_LOCI	2
W529780	EspV	MULTIPLE_LOCI	2
W529800	EspV	MULTIPLE_LOCI	2
W529801	Stx2	MULTIPLE_LOCI	2
W529801	EspV	MULTIPLE_LOCI	2
W529802	Stx2	MULTIPLE_LOCI	2
W529802	EspV	MULTIPLE_LOCI	2
W529803	EspV	MULTIPLE_LOCI	6
W529804	EspV	MULTIPLE_LOCI	6
W529805	EspV	MULTIPLE_LOCI	10
W529825	Stx2	MULTIPLE_LOCI	2
W529825	EspV	MULTIPLE_LOCI	2
W529826	Stx2	MULTIPLE_LOCI	2
W529826	EspV	MULTIPLE_LOCI	2
W529827	EspV	MULTIPLE_LOCI	2
W529828	EspV	MULTIPLE_LOCI	2
W529833	Stx2	MULTIPLE_LOCI	2
W529833	EspV	MULTIPLE_LOCI	2
W529855	EspV	MULTIPLE_LOCI	2
W529856	EspV	MULTIPLE_LOCI	6
W529857	EspV	MULTIPLE_LOCI	2
W529858	EspV	MULTIPLE_LOCI	2
W530024	Stx2	MULTIPLE_LOCI	4
W530024	EspV	MULTIPLE_LOCI	2
W530025	Stx2	MULTIPLE_LOCI	2
W530025	EspV	MULTIPLE_LOCI	2
W530026	EspV	MULTIPLE_LOCI	2
W530027	Stx2	MULTIPLE_LOCI	2
W530027	EspV	MULTIPLE_LOCI	2
W530028	Stx2	MULTIPLE_LOCI	2
W530028	EspV	MULTIPLE_LOCI	2
W530029	EspV	MULTIPLE_LOCI	2
W530030	Stx2	MULTIPLE_LOCI	2
W530030	EspV	MULTIPLE_LOCI	2
W530031	Stx2	MULTIPLE_LOCI	2
W530031	EspV	MULTIPLE_LOCI	2
W530032	Stx2	MULTIPLE_LOCI	2
W530032	EspV	MULTIPLE_LOCI	2
W530033	EspV	MULTIPLE_LOCI	2
W530034	Stx2	MULTIPLE_LOCI	2
W530034	EspV	MULTIPLE_LOCI	2
W530035	Stx2	MULTIPLE_LOCI	2
W530035	EspV	MULTIPLE_LOCI	2
W530036	Stx2	MULTIPLE_LOCI	4
W530036	EspV	MULTIPLE_LOCI	2
W530037	Stx2	MULTIPLE_LOCI	2
W530037	EspV	MULTIPLE_LOCI	2
W530038	EspV	MULTIPLE_LOCI	2
W530039	Stx2	MULTIPLE_LOCI	2
W530039	EspV	MULTIPLE_LOCI	2
W530040	Stx2	MULTIPLE_LOCI	2
W530040	EspV	MULTIPLE_LOCI	2
W530041	Stx2	MULTIPLE_LOCI	2
W530041	EspV	MULTIPLE_LOCI	2
W530042	Stx2	MULTIPLE_LOCI	2
W530042	EspV	MULTIPLE_LOCI	2
W530043	Stx2	MULTIPLE_LOCI	2
W530043	EspV	MULTIPLE_LOCI	2
W530044	Stx2	MULTIPLE_LOCI	2
W530044	EspV	MULTIPLE_LOCI	2
W530045	Stx2	MULTIPLE_LOCI	2
W530045	EspV	MULTIPLE_LOCI	2
W530046	Stx2	MULTIPLE_LOCI	2
W530046	EspV	MULTIPLE_LOCI	2
W530047	EspV	MULTIPLE_LOCI	2
W530048	Stx2	MULTIPLE_LOCI	2
W530048	EspV	MULTIPLE_LOCI	2
W530049	EspV	MULTIPLE_LOCI	2
W530050	EspV	MULTIPLE_LOCI	6
W530051	EspV	MULTIPLE_LOCI	2
W530052	EspK	MULTIPLE_LOCI	2
W530052	EspV	MULTIPLE_LOCI	2
W530053	EspV	MULTIPLE_LOCI	2
W530054	EspV	MULTIPLE_LOCI	6
W530055	EspV	MULTIPLE_LOCI	2
W530083	EspV	MULTIPLE_LOCI	2
W530084	EspV	MULTIPLE_LOCI	2
W530085	EspV	MULTIPLE_LOCI	6
W530118	EspV	MULTIPLE_LOCI	6
W530136	EspV	MULTIPLE_LOCI	2
W530142	EspV	MULTIPLE_LOCI	6
W530167	EspV	MULTIPLE_LOCI	2
W530168	EspV	MULTIPLE_LOCI	2
W530170	EspV	MULTIPLE_LOCI	2
W530171	EspV	MULTIPLE_LOCI	2
W530172	EspV	MULTIPLE_LOCI	2
W530173	EspV	MULTIPLE_LOCI	2
W530174	EspV	MULTIPLE_LOCI	2
W530194	EspV	MULTIPLE_LOCI	6
W530195	EspV	MULTIPLE_LOCI	2
W530196	EspV	MULTIPLE_LOCI	2
W530201	EspV	MULTIPLE_LOCI	2
W530210	EspV	MULTIPLE_LOCI	2
W530211	EspV	MULTIPLE_LOCI	2
W530212	EspV	MULTIPLE_LOCI	2
W530213	EspV	MULTIPLE_LOCI	6
W530252	EspV	MULTIPLE_LOCI	2
W530253	EspV	MULTIPLE_LOCI	2
W530254	EspV	MULTIPLE_LOCI	2
W530255	EspV	MULTIPLE_LOCI	2
W530256	EspV	MULTIPLE_LOCI	6
W530257	EspV	MULTIPLE_LOCI	2
W530291	EspV	MULTIPLE_LOCI	2
W530293	EspV	MULTIPLE_LOCI	6
W530309	EspV	MULTIPLE_LOCI	2
W530310	EspV	MULTIPLE_LOCI	2
W530311	EspV	MULTIPLE_LOCI	2
W530381	EspV	MULTIPLE_LOCI	2
W530382	EspV	MULTIPLE_LOCI	2
W530395	EspV	MULTIPLE_LOCI	2
W530396	EspV	MULTIPLE_LOCI	2
W530397	EspV	MULTIPLE_LOCI	2
W530398	EspV	MULTIPLE_LOCI	2
W530399	EspV	MULTIPLE_LOCI	2
W530400	EspV	MULTIPLE_LOCI	2
W530401	EspV	MULTIPLE_LOCI	2
W530402	EspV	MULTIPLE_LOCI	2
W530472	EspV	MULTIPLE_LOCI	2
W530473	EspV	MULTIPLE_LOCI	2
W530474	EspV	MULTIPLE_LOCI	2
W530475	EspV	MULTIPLE_LOCI	2
W530476	EspV	MULTIPLE_LOCI	2
W530477	EspV	MULTIPLE_LOCI	2
W530478	EspV	MULTIPLE_LOCI	2
W530479	EspV	MULTIPLE_LOCI	2
W530480	EspV	MULTIPLE_LOCI	2
W530481	EspV	MULTIPLE_LOCI	2
W530482	EspV	MULTIPLE_LOCI	2
W530483	EspV	MULTIPLE_LOCI	2
W530484	EspV	MULTIPLE_LOCI	2
W530485	EspV	MULTIPLE_LOCI	2
W530486	EspV	MULTIPLE_LOCI	2
W530487	EspV	MULTIPLE_LOCI	2
W530488	EspV	MULTIPLE_LOCI	2
W530489	EspV	MULTIPLE_LOCI	2
W530490	EspV	MULTIPLE_LOCI	2
W530491	EspV	MULTIPLE_LOCI	2
W530492	EspV	MULTIPLE_LOCI	2
W530493	EspV	MULTIPLE_LOCI	2
W530494	EspV	MULTIPLE_LOCI	2
W530495	EspV	MULTIPLE_LOCI	2
W530496	EspV	MULTIPLE_LOCI	2
W530497	EspV	MULTIPLE_LOCI	2
W530498	EspV	MULTIPLE_LOCI	2
W530499	EspV	MULTIPLE_LOCI	2
W530500	EspV	MULTIPLE_LOCI	2
W530501	EspV	MULTIPLE_LOCI	2
W530502	EspV	MULTIPLE_LOCI	2
W530503	EspV	MULTIPLE_LOCI	2
W530504	EspV	MULTIPLE_LOCI	2
W530505	EspK	MULTIPLE_LOCI	2
W530505	EspV	MULTIPLE_LOCI	8
W530506	EspV	MULTIPLE_LOCI	2
W530507	EspV	MULTIPLE_LOCI	2
W530508	EspV	MULTIPLE_LOCI	2
W530509	EspV	MULTIPLE_LOCI	2
W530510	EspV	MULTIPLE_LOCI	2
W530511	EspV	MULTIPLE_LOCI	2
W530512	EspV	MULTIPLE_LOCI	2
W530513	EspV	MULTIPLE_LOCI	2
W530514	EspV	MULTIPLE_LOCI	2
W530515	EspV	MULTIPLE_LOCI	2
W530516	EspV	MULTIPLE_LOCI	2
W530579	EspV	MULTIPLE_LOCI	2
W530580	EspV	MULTIPLE_LOCI	2
W530581	EspV	MULTIPLE_LOCI	2
W530582	EspV	MULTIPLE_LOCI	2
W530583	EspV	MULTIPLE_LOCI	2
W530584	EspV	MULTIPLE_LOCI	2
W530585	EspV	MULTIPLE_LOCI	2
W530586	EspV	MULTIPLE_LOCI	2
W530587	EspV	MULTIPLE_LOCI	2
W530588	EspV	MULTIPLE_LOCI	2
W530589	EspV	MULTIPLE_LOCI	2
W530590	EspV	MULTIPLE_LOCI	6
W530591	EspV	MULTIPLE_LOCI	2
W530592	EspV	MULTIPLE_LOCI	2
W530593	EspV	MULTIPLE_LOCI	2
W530594	EspV	MULTIPLE_LOCI	2
W530595	EspV	MULTIPLE_LOCI	2
W530596	EspV	MULTIPLE_LOCI	2
W530597	EspV	MULTIPLE_LOCI	2
W530598	EspV	MULTIPLE_LOCI	6
W530599	EspV	MULTIPLE_LOCI	2
W530600	EspV	MULTIPLE_LOCI	6
W530601	EspV	MULTIPLE_LOCI	6
W530602	EspV	MULTIPLE_LOCI	2
W530604	EspV	MULTIPLE_LOCI	6
W530926	EspV	MULTIPLE_LOCI	2
W530927	EspV	MULTIPLE_LOCI	2
W530928	EspV	MULTIPLE_LOCI	2
W530929	EspV	MULTIPLE_LOCI	2
W530930	EspV	MULTIPLE_LOCI	2
W531562	EspV	MULTIPLE_LOCI	2
W531572	EspV	MULTIPLE_LOCI	2
W531627	Stx2	MULTIPLE_LOCI	2
W531755	EspV	MULTIPLE_LOCI	2
W531961	EspV	MULTIPLE_LOCI	2
W532364	EspK	MULTIPLE_LOCI	2
W532364	EspV	MULTIPLE_LOCI	2
W532509	EspV	MULTIPLE_LOCI	2
W532637	EspV	MULTIPLE_LOCI	2
